{
    "exp_id": "ebm-v0-optim-L",
    "labels": [
        "90\u00b0S\u201360\u00b0S",
        "60\u00b0S\u201330\u00b0S",
        "30\u00b0S\u20130\u00b0",
        "0\u00b0\u201330\u00b0N",
        "30\u00b0N\u201360\u00b0N",
        "60\u00b0N\u201390\u00b0N"
    ],
    "climlab_means": [
        11.45257875327906,
        7.768134971136757,
        2.729888895999618,
        3.7462116540426593,
        6.397740126280643,
        5.56648929247882
    ],
    "algorithms": {
        "tqc": {
            "colour": "#ff7f0e",
            "mean": [
                14.058981899871238,
                2.484352459403855,
                4.701213665829551,
                3.8881052962482308,
                1.914470327984148,
                2.28727015703718
            ],
            "std_95": [
                0.5550135956233487,
                0.6302698608058401,
                0.7383034870917276,
                0.6590662218126025,
                0.3430216812033536,
                0.2575260715937223
            ],
            "best": [
                12.710873897320177,
                1.191035165993508,
                3.078327019515913,
                2.522023659858156,
                1.4312369342445472,
                1.861042007864125
            ]
        },
        "ddpg": {
            "colour": "#1f77b4",
            "mean": [
                20.794466750700025,
                6.393896902644204,
                9.117642576314399,
                8.308264392891305,
                6.518378471048048,
                8.559096254875985
            ],
            "std_95": [
                5.91899149209755,
                5.929009526889262,
                6.524700230732239,
                6.427370675932554,
                6.327100590896131,
                6.39184545636291
            ],
            "best": [
                14.386586749817758,
                0.5582113469787845,
                1.9667674481944466,
                1.846745530963543,
                0.7765376858105023,
                2.1556276806177026
            ]
        },
        "td3": {
            "colour": "#2ca02c",
            "mean": [
                12.41124673892887,
                6.568899425367124,
                2.456809079497729,
                3.302969218849669,
                5.200505431641345,
                4.220504834016789
            ],
            "std_95": [
                0.6403917424999107,
                1.028067518176892,
                0.5042904079386447,
                0.6359802930168729,
                1.0228605645126922,
                1.0753197484421337
            ],
            "best": [
                10.837593801590177,
                4.049580142579863,
                1.612862282535208,
                1.9265653241083516,
                2.7081777761990335,
                2.1971245069425995
            ]
        }
    }
}
