{
    "exp_id": "ebm-v1-optim-L-20k",
    "labels": [
        "90\u00b0S\u201360\u00b0S",
        "60\u00b0S\u201330\u00b0S",
        "30\u00b0S\u20130\u00b0",
        "0\u00b0\u201330\u00b0N",
        "30\u00b0N\u201360\u00b0N",
        "60\u00b0N\u201390\u00b0N"
    ],
    "climlab_means": [
        11.45257875327906,
        7.768134971136757,
        2.729888895999618,
        3.7462116540426593,
        6.397740126280643,
        5.56648929247882
    ],
    "algorithms": {
        "ddpg": {
            "colour": "#1f77b4",
            "mean": [
                8.187089349886131,
                6.295519167948566,
                6.76041869954169,
                4.589203538652138,
                2.6545021785101333,
                3.4842106660086656
            ],
            "std_95": [
                2.127502189882515,
                2.491089824048872,
                1.86743053992382,
                1.2818852494561124,
                0.6178034422324341,
                1.1093221774596103
            ],
            "best": [
                4.894752026470724,
                2.9279251920948774,
                2.723522262866196,
                1.8897922738696993,
                1.0320959062478279,
                1.3568519912363575
            ]
        },
        "td3": {
            "colour": "#2ca02c",
            "mean": [
                9.74316187459464,
                7.1171979719841545,
                3.7992076240848505,
                2.833286796207436,
                5.055276520734276,
                5.416824549601996
            ],
            "std_95": [
                2.064194430227244,
                2.3552970240654343,
                1.0616279383360185,
                0.7727930021766415,
                1.6127096639045608,
                1.686755374051348
            ],
            "best": [
                5.9730488660756755,
                1.8095535248271595,
                1.4085090963767894,
                1.0843577602613257,
                1.3419250753256882,
                1.353464355644984
            ]
        },
        "tqc": {
            "colour": "#ff7f0e",
            "mean": [
                9.05941452398286,
                7.97104102167945,
                2.2402910669230467,
                1.8357783400584875,
                2.4239168327396516,
                2.3339042871339784
            ],
            "std_95": [
                0.9599473589774877,
                0.9044171850695422,
                0.5378581430508674,
                0.34752295209194667,
                0.43754498737441294,
                0.4752577656228905
            ],
            "best": [
                7.678286016042892,
                6.596821308897977,
                1.2813024470682284,
                0.6710052701843554,
                0.9630932302586281,
                1.2028258622893602
            ]
        }
    }
}
