{
    "exp_id": "ebm-v1-homo-64L-20k",
    "labels": [
        "90\u00b0S\u201360\u00b0S",
        "60\u00b0S\u201330\u00b0S",
        "30\u00b0S\u20130\u00b0",
        "0\u00b0\u201330\u00b0N",
        "30\u00b0N\u201360\u00b0N",
        "60\u00b0N\u201390\u00b0N"
    ],
    "climlab_means": [
        11.45257875327906,
        7.768134971136757,
        2.729888895999618,
        3.7462116540426593,
        6.397740126280643,
        5.56648929247882
    ],
    "algorithms": {
        "td3": {
            "colour": "#2ca02c",
            "mean": [
                8.6381262859711,
                7.532410499112719,
                3.709160276899694,
                3.2759950252779704,
                3.5163210241277065,
                3.998792483108493
            ],
            "std_95": [
                1.431054066721063,
                1.5040938030809172,
                1.542733336024801,
                1.0945723986732288,
                1.2358703421386044,
                1.4902963987133293
            ],
            "best": [
                4.578019438590006,
                5.2375440002025835,
                0.9338350296604407,
                0.8402012675061337,
                0.9897408814312062,
                1.5544895433017907
            ]
        },
        "ddpg": {
            "colour": "#1f77b4",
            "mean": [
                7.605965486982335,
                3.581235414941488,
                5.814820320302422,
                4.794075701804195,
                3.2009757116677617,
                3.254063151937042
            ],
            "std_95": [
                1.5803392126760052,
                1.035270260745672,
                1.845688953968637,
                1.3366011008380927,
                1.2126203279631718,
                1.1525771239281988
            ],
            "best": [
                5.379213086398149,
                0.761308846644872,
                1.535616290750389,
                1.1593727256698765,
                0.3504601231863317,
                0.7751483962852149
            ]
        },
        "tqc": {
            "colour": "#ff7f0e",
            "mean": [
                9.368847305308215,
                8.384853957569431,
                2.381920565095674,
                2.5285643279751167,
                2.5583887366551705,
                2.3198543191580177
            ],
            "std_95": [
                0.7377870901116711,
                0.690549921729262,
                0.528430932584924,
                0.40284594823224773,
                0.6037688526602476,
                0.5610174192410637
            ],
            "best": [
                8.056200408514382,
                6.86485953680125,
                1.0755150981959272,
                1.4675612278813917,
                0.8258439160097535,
                1.1195066911306604
            ]
        }
    }
}
