{
    "exp_id": "ebm-v0-homo-64L-20k",
    "labels": [
        "90\u00b0S\u201360\u00b0S",
        "60\u00b0S\u201330\u00b0S",
        "30\u00b0S\u20130\u00b0",
        "0\u00b0\u201330\u00b0N",
        "30\u00b0N\u201360\u00b0N",
        "60\u00b0N\u201390\u00b0N"
    ],
    "climlab_means": [
        11.45257875327906,
        7.768134971136757,
        2.729888895999618,
        3.7462116540426593,
        6.397740126280643,
        5.56648929247882
    ],
    "algorithms": {
        "td3": {
            "colour": "#2ca02c",
            "mean": [
                14.410453454518981,
                12.171876034014499,
                9.180242887959562,
                9.846536687244022,
                11.075537423934717,
                9.906679387541015
            ],
            "std_95": [
                5.276094676779808,
                3.614307441790443,
                4.684760468720738,
                4.448642067559961,
                4.008979796776912,
                4.440396112290283
            ],
            "best": [
                10.890344809047761,
                4.070592928646272,
                1.6111579267981107,
                2.102023790391422,
                2.857137432862162,
                2.3261861802201076
            ]
        },
        "tqc": {
            "colour": "#ff7f0e",
            "mean": [
                15.897129141992512,
                1.1506424602777157,
                6.081225985595868,
                5.127839021954733,
                1.906054550751243,
                3.196877289810524
            ],
            "std_95": [
                0.32593336302674025,
                0.12672070086722606,
                0.43773963310578484,
                0.4215850791486187,
                0.360975276727303,
                0.3518546200401449
            ],
            "best": [
                15.389436811867498,
                0.9600657244340044,
                5.374751828239248,
                4.449995037715992,
                1.363707612421283,
                2.6648031234407643
            ]
        },
        "ddpg": {
            "colour": "#1f77b4",
            "mean": [
                20.125494179147946,
                7.02377670804656,
                9.324776717846323,
                8.674164395859204,
                6.8934838388134425,
                8.001659108713573
            ],
            "std_95": [
                5.9593958129859725,
                5.951395982328738,
                7.1086761106913885,
                6.949330720808766,
                6.41895325581974,
                6.3962612323630665
            ],
            "best": [
                14.02347188856224,
                0.5567930554221558,
                1.7042718819099438,
                1.8868286890876511,
                0.7765504548199142,
                2.1677189520834417
            ]
        }
    }
}
