{
    "exp_id": "ebm-v0-optim-L-20k",
    "labels": [
        "90\u00b0S\u201360\u00b0S",
        "60\u00b0S\u201330\u00b0S",
        "30\u00b0S\u20130\u00b0",
        "0\u00b0\u201330\u00b0N",
        "30\u00b0N\u201360\u00b0N",
        "60\u00b0N\u201390\u00b0N"
    ],
    "climlab_means": [
        11.45257875327906,
        7.768134971136757,
        2.729888895999618,
        3.7462116540426593,
        6.397740126280643,
        5.56648929247882
    ],
    "algorithms": {
        "td3": {
            "colour": "#2ca02c",
            "mean": [
                24.190002617433645,
                12.763968144808796,
                13.496731084856908,
                13.168000570536467,
                12.533813996916319,
                12.90969307881625
            ],
            "std_95": [
                7.809045037501105,
                6.613406736247567,
                8.853178081521795,
                8.468188343928215,
                7.448914828256822,
                8.106681279477776
            ],
            "best": [
                13.372339563883003,
                3.390648652574059,
                1.627827228775856,
                1.8493180259216608,
                2.077203717261935,
                2.1234133455835034
            ]
        },
        "tqc": {
            "colour": "#ff7f0e",
            "mean": [
                15.10639809453338,
                1.5255274831375119,
                5.297340158667845,
                4.395359617219807,
                1.5653175763783251,
                2.5368424589320093
            ],
            "std_95": [
                0.42618660888607046,
                0.37255026532953395,
                0.5258490013606727,
                0.4864568669033862,
                0.20484385942215233,
                0.3155680745019093
            ],
            "best": [
                13.878505418974516,
                0.9624964487573399,
                3.724361577609261,
                2.9739600665025105,
                1.2264840554944318,
                1.9740635375685884
            ]
        },
        "ddpg": {
            "colour": "#1f77b4",
            "mean": [
                22.735800121003724,
                9.042250778885938,
                11.210406092892613,
                10.433851506977803,
                8.852735635611996,
                10.680978608138137
            ],
            "std_95": [
                6.932776087948824,
                6.674667248071691,
                7.654735103919465,
                7.523792041036857,
                7.321927153893182,
                7.4802140791949565
            ],
            "best": [
                14.437276847838572,
                1.1095440772289644,
                2.0300548548168273,
                1.8533166462009711,
                0.8276464949710151,
                2.160483013691741
            ]
        }
    }
}
