{
    "exp_id": "ebm-v1-homo-64L",
    "labels": [
        "90\u00b0S\u201360\u00b0S",
        "60\u00b0S\u201330\u00b0S",
        "30\u00b0S\u20130\u00b0",
        "0\u00b0\u201330\u00b0N",
        "30\u00b0N\u201360\u00b0N",
        "60\u00b0N\u201390\u00b0N"
    ],
    "climlab_means": [
        11.45257875327906,
        7.768134971136757,
        2.729888895999618,
        3.7462116540426593,
        6.397740126280643,
        5.56648929247882
    ],
    "algorithms": {
        "ddpg": {
            "colour": "#1f77b4",
            "mean": [
                7.067032009749532,
                3.8279035262634524,
                3.9909587183570823,
                3.153551308381596,
                2.8739647880017696,
                4.3735404893171
            ],
            "std_95": [
                0.4487540012560411,
                1.0959164998286295,
                2.023154951403841,
                1.0028607018077254,
                1.0415041994431464,
                1.688364395902345
            ],
            "best": [
                6.032812411939596,
                2.369161424395894,
                0.6788372559284029,
                0.5258806875404416,
                1.0747009092258615,
                2.1005749189305245
            ]
        },
        "td3": {
            "colour": "#2ca02c",
            "mean": [
                9.381578871190218,
                7.4516570033991325,
                3.2856568315667554,
                3.20616427169645,
                6.081454573035755,
                8.441563949521031
            ],
            "std_95": [
                1.2418916248740164,
                1.963992516258916,
                1.188224700421435,
                0.9963254143240349,
                1.9481288125829093,
                3.04284632488545
            ],
            "best": [
                6.32182670024286,
                1.605916732476876,
                0.6699469193006357,
                1.134422781196195,
                1.765336389157296,
                2.290583842893059
            ]
        },
        "tqc": {
            "colour": "#ff7f0e",
            "mean": [
                8.836345592777896,
                8.084385797631132,
                2.760674378819413,
                3.0290129566935127,
                2.808594178330897,
                2.1175562881133976
            ],
            "std_95": [
                0.21903005218863697,
                0.31144498047881203,
                0.26239044131699235,
                0.39276187234231874,
                0.4379322556433377,
                0.22562707413435631
            ],
            "best": [
                8.277432525266251,
                7.532702640017067,
                2.078094034700774,
                1.6410884764367137,
                1.7597155042301282,
                1.6505037758273926
            ]
        }
    }
}
