{
    "exp_id": "ebm-v1-optim-L",
    "labels": [
        "90\u00b0S\u201360\u00b0S",
        "60\u00b0S\u201330\u00b0S",
        "30\u00b0S\u20130\u00b0",
        "0\u00b0\u201330\u00b0N",
        "30\u00b0N\u201360\u00b0N",
        "60\u00b0N\u201390\u00b0N"
    ],
    "climlab_means": [
        11.45257875327906,
        7.768134971136757,
        2.729888895999618,
        3.7462116540426593,
        6.397740126280643,
        5.56648929247882
    ],
    "algorithms": {
        "tqc": {
            "colour": "#ff7f0e",
            "mean": [
                8.981535361744422,
                8.284253139402555,
                2.5470452880276744,
                2.654827106558732,
                2.5353669812189468,
                2.287320732578725
            ],
            "std_95": [
                0.3760837408176454,
                0.5653423996287239,
                0.5538414906277939,
                0.4770551254605812,
                0.6500791742143296,
                0.3067590121709337
            ],
            "best": [
                8.130467339636605,
                6.820887141879373,
                0.9622589803242154,
                0.9618940497002414,
                0.7049797038837187,
                1.5931375665890002
            ]
        },
        "ddpg": {
            "colour": "#1f77b4",
            "mean": [
                9.55174866383368,
                6.89077343658837,
                3.611728609741605,
                3.4980884456289294,
                3.5211031387343885,
                5.193384470023711
            ],
            "std_95": [
                2.079143938666076,
                2.335317275381321,
                1.3216369198175824,
                1.3300563910179346,
                1.7769834067932386,
                1.6430353349935802
            ],
            "best": [
                6.157244054001997,
                2.578204046959178,
                1.0435323213399506,
                0.9325355754776107,
                0.815065384078767,
                2.3014338429838186
            ]
        },
        "td3": {
            "colour": "#2ca02c",
            "mean": [
                8.27942781348102,
                5.48601045663986,
                4.7814724868731195,
                4.45502713058955,
                4.9522336762755135,
                5.976730976354468
            ],
            "std_95": [
                1.0202008616785418,
                1.3359749387026227,
                1.1144160636512013,
                0.8314080923057872,
                0.9787499919804427,
                1.697189939681648
            ],
            "best": [
                5.717930754646549,
                2.3801713885379145,
                2.74628602650143,
                2.605952023971096,
                3.167782293335184,
                2.8234852568932283
            ]
        }
    }
}
