{
    "exp_id": "ebm-v0-homo-64L",
    "labels": [
        "90\u00b0S\u201360\u00b0S",
        "60\u00b0S\u201330\u00b0S",
        "30\u00b0S\u20130\u00b0",
        "0\u00b0\u201330\u00b0N",
        "30\u00b0N\u201360\u00b0N",
        "60\u00b0N\u201390\u00b0N"
    ],
    "climlab_means": [
        11.45257875327906,
        7.768134971136757,
        2.729888895999618,
        3.7462116540426593,
        6.397740126280643,
        5.56648929247882
    ],
    "algorithms": {
        "td3": {
            "colour": "#2ca02c",
            "mean": [
                11.586864262494341,
                13.351465049275433,
                8.897939623854764,
                9.918306835970814,
                11.955835471004068,
                10.422154054946173
            ],
            "std_95": [
                0.6377593893268072,
                2.5594778481180227,
                2.2723300554982457,
                2.4062170492569357,
                2.5474951022650862,
                2.2918426174487436
            ],
            "best": [
                10.835157853381546,
                3.7585845742030655,
                1.8153186137639317,
                1.8659617256526826,
                2.426827751837262,
                2.155793249513652
            ]
        },
        "tqc": {
            "colour": "#ff7f0e",
            "mean": [
                13.035197691491152,
                4.2738892035983564,
                2.9656510204261357,
                2.731855653509794,
                3.2060575837176266,
                3.107599398404166
            ],
            "std_95": [
                0.6489181903349869,
                0.9970965768574859,
                0.7642476551242554,
                0.5209600640186073,
                0.7565794666223268,
                0.5202305787977984
            ],
            "best": [
                11.821806950977352,
                1.0623671872847595,
                1.9203223727887955,
                2.1084687900832693,
                1.4407802406182377,
                1.9289459183061295
            ]
        },
        "ddpg": {
            "colour": "#1f77b4",
            "mean": [
                18.60290031711531,
                4.002794944233538,
                7.423121530652009,
                6.546450295393436,
                4.300092352246905,
                6.220744528884986
            ],
            "std_95": [
                4.22481596007234,
                4.717081882222443,
                5.4824942878067136,
                5.431908240223854,
                4.961355308455582,
                4.571556080667388
            ],
            "best": [
                14.007765861339974,
                0.7994749736265652,
                2.9980064081895725,
                2.3317916200831785,
                0.7831403892152738,
                1.9853534116298293
            ]
        }
    }
}
